title,price,description,reviews,image_url,extra_spec,product_url,category,subcategory,source_page
Packard 255 G2,416.99,"15.6"", AMD E2-3800 1.3GHz, 4GB, 500GB, Windows 8.1",,https://webscraper.io/images/test-sites/e-commerce/items/cart2.png,"15.6"", AMD E2-3800 1.3GHz, 4GB, 500GB, Windows 8.1",https://webscraper.io/test-sites/e-commerce/static/product/31,Computers,Laptops,1
Aspire E1-510,306.99,"15.6"", Pentium N3520 2.16GHz, 4GB, 500GB, Linux",,https://webscraper.io/images/test-sites/e-commerce/items/cart2.png,"15.6"", Pentium N3520 2.16GHz, 4GB, 500GB, Linux",https://webscraper.io/test-sites/e-commerce/static/product/32,Computers,Laptops,1
ThinkPad T540p,1178.99,"15.6"", Core i5-4200M, 4GB, 500GB, Win7 Pro 64bit",,https://webscraper.io/images/test-sites/e-commerce/items/cart2.png,"15.6"", Core i5-4200M, 4GB, 500GB, Win7 Pro 64bit",https://webscraper.io/test-sites/e-commerce/static/product/33,Computers,Laptops,1
ProBook,739.99,"14"", Core i5 2.6GHz, 4GB, 500GB, Win7 Pro 64bit",,https://webscraper.io/images/test-sites/e-commerce/items/cart2.png,"14"", Core i5 2.6GHz, 4GB, 500GB, Win7 Pro 64bit",https://webscraper.io/test-sites/e-commerce/static/product/34,Computers,Laptops,1
ThinkPad X240,1311.99,"12.5"", Core i5-4300U, 8GB, 240GB SSD, Win7 Pro 64bit",,https://webscraper.io/images/test-sites/e-commerce/items/cart2.png,"12.5"", Core i5-4300U, 8GB, 240GB SSD, Win7 Pro 64bit",https://webscraper.io/test-sites/e-commerce/static/product/35,Computers,Laptops,1
Aspire E1-572G,581.99,"15.6"", Core i5-4200U, 8GB, 1TB, Radeon R7 M265, Windows 8.1",,https://webscraper.io/images/test-sites/e-commerce/items/cart2.png,"15.6"", Core i5-4200U, 8GB, 1TB, Radeon R7 M265, Windows 8.1",https://webscraper.io/test-sites/e-commerce/static/product/36,Computers,Laptops,1
ThinkPad Yoga,1033.99,"12.5"" Touch, Core i3-4010U, 4GB, 500GB + 16GB SSD Cache,",,https://webscraper.io/images/test-sites/e-commerce/items/cart2.png,"12.5"" Touch, Core i3-4010U, 4GB, 500GB + 16GB SSD Cache,",https://webscraper.io/test-sites/e-commerce/static/product/37,Computers,Laptops,2
Pavilion,609.99,"15.6"", Core i5-4200U, 6GB, 750GB, Windows 8.1",,https://webscraper.io/images/test-sites/e-commerce/items/cart2.png,"15.6"", Core i5-4200U, 6GB, 750GB, Windows 8.1",https://webscraper.io/test-sites/e-commerce/static/product/38,Computers,Laptops,2
Inspiron 15,745.99,"Moon Silver, 15.6"", Core i7-4510U, 8GB, 1TB, Radeon HD R7 M265 2GB,",,https://webscraper.io/images/test-sites/e-commerce/items/cart2.png,"Moon Silver, 15.6"", Core i7-4510U, 8GB, 1TB, Radeon HD R7 M265 2GB,",https://webscraper.io/test-sites/e-commerce/static/product/39,Computers,Laptops,2
Dell XPS 13,1281.99,"13.3"" Touch, Core i5-4210U, 8GB, 128GB SSD, Windows 8.1",,https://webscraper.io/images/test-sites/e-commerce/items/cart2.png,"13.3"" Touch, Core i5-4210U, 8GB, 128GB SSD, Windows 8.1",https://webscraper.io/test-sites/e-commerce/static/product/40,Computers,Laptops,2
ThinkPad X230,1244.99,"12.5"", Core i5 2.6GHz, 8GB, 180GB SSD, Win7 Pro 64bit",,https://webscraper.io/images/test-sites/e-commerce/items/cart2.png,"12.5"", Core i5 2.6GHz, 8GB, 180GB SSD, Win7 Pro 64bit",https://webscraper.io/test-sites/e-commerce/static/product/41,Computers,Laptops,2
HP 250 G3,520.99,"15.6"", Core i5-4210U, 4GB, 500GB, Windows 8.1",,https://webscraper.io/images/test-sites/e-commerce/items/cart2.png,"15.6"", Core i5-4210U, 4GB, 500GB, Windows 8.1",https://webscraper.io/test-sites/e-commerce/static/product/42,Computers,Laptops,2
ThinkPad Yoga,1223.99,"12.5"" Touch, Core i5 4200U, 8GB, 500GB + 16GB SSD Cache, Windows",,https://webscraper.io/images/test-sites/e-commerce/items/cart2.png,"12.5"" Touch, Core i5 4200U, 8GB, 500GB + 16GB SSD Cache, Windows",https://webscraper.io/test-sites/e-commerce/static/product/43,Computers,Laptops,3
HP 350 G1,577.99,"15.6"", Core i5-4200U, 4GB, 750GB, Radeon HD8670M 2GB, Windows",,https://webscraper.io/images/test-sites/e-commerce/items/cart2.png,"15.6"", Core i5-4200U, 4GB, 750GB, Radeon HD8670M 2GB, Windows",https://webscraper.io/test-sites/e-commerce/static/product/44,Computers,Laptops,3
Asus VivoBook Max,399.0,"Asus VivoBook Max X541NA-GQ041 Black Chocolate, 15.6"" HD, Pentium N4200 1.1GHz, 4GB, 500GB, Windows 10 Home",,https://webscraper.io/images/test-sites/e-commerce/items/cart2.png,"Asus VivoBook Max X541NA-GQ041 Black Chocolate, 15.6"" HD, Pentium N4200 1.1GHz, 4GB, 500GB, Windows 10 Home",https://webscraper.io/test-sites/e-commerce/static/product/45,Computers,Laptops,3
Dell Vostro 15,488.78,"Dell Vostro 15 (3568) Black, 15.6"" FHD, Core i5-7200U, 4GB, 128GB SSD, Radeon R5 M420 2GB, Linux",,https://webscraper.io/images/test-sites/e-commerce/items/cart2.png,"Dell Vostro 15 (3568) Black, 15.6"" FHD, Core i5-7200U, 4GB, 128GB SSD, Radeon R5 M420 2GB, Linux",https://webscraper.io/test-sites/e-commerce/static/product/46,Computers,Laptops,3
Acer Spin 5,564.98,"Acer Spin 5 SP513-51 Black, 13.3"" FHD Touch, Core i3-7100U, 4GB, 128GB SSD, Windows 10 Home",,https://webscraper.io/images/test-sites/e-commerce/items/cart2.png,"Acer Spin 5 SP513-51 Black, 13.3"" FHD Touch, Core i3-7100U, 4GB, 128GB SSD, Windows 10 Home",https://webscraper.io/test-sites/e-commerce/static/product/47,Computers,Laptops,3
Acer Aspire A515-51-5654,679.0,"Acer Aspire A515-51-5654, Black, 15.6"", FHD, Core i5-8250U, 8GB DDR4, 256GB SSD, Windows 10 Home, ENG",,https://webscraper.io/images/test-sites/e-commerce/items/cart2.png,"Acer Aspire A515-51-5654, Black, 15.6"", FHD, Core i5-8250U, 8GB DDR4, 256GB SSD, Windows 10 Home, ENG",https://webscraper.io/test-sites/e-commerce/static/product/48,Computers,Laptops,3
Dell Inspiron 15,679.0,"Dell Inspiron 15 (5567) Fog Gray, 15.6"" FHD, Core i5-7200U, 8GB, 1TB, Radeon R7 M445 4GB, Linux",,https://webscraper.io/images/test-sites/e-commerce/items/cart2.png,"Dell Inspiron 15 (5567) Fog Gray, 15.6"" FHD, Core i5-7200U, 8GB, 1TB, Radeon R7 M445 4GB, Linux",https://webscraper.io/test-sites/e-commerce/static/product/49,Computers,Laptops,4
Asus VivoBook S14,729.0,"Asus VivoBook S14 (S406UA-BV041T) Starry Grey, 14"", Core i5-8250U, 8GB, 256GB SSD, Windows 10 Home, Eng kbd",,https://webscraper.io/images/test-sites/e-commerce/items/cart2.png,"Asus VivoBook S14 (S406UA-BV041T) Starry Grey, 14"", Core i5-8250U, 8GB, 256GB SSD, Windows 10 Home, Eng kbd",https://webscraper.io/test-sites/e-commerce/static/product/50,Computers,Laptops,4
Asus ROG STRIX GL553VD-DM256,799.0,"Asus ROG STRIX GL553VD-DM256, 15.6"" FHD, Core i5-7300HQ, 8GB, 1TB, GeForce GTX 1050 2GB, No OS",,https://webscraper.io/images/test-sites/e-commerce/items/cart2.png,"Asus ROG STRIX GL553VD-DM256, 15.6"" FHD, Core i5-7300HQ, 8GB, 1TB, GeForce GTX 1050 2GB, No OS",https://webscraper.io/test-sites/e-commerce/static/product/51,Computers,Laptops,4
Acer Nitro 5 AN515-51,809.0,"Acer Nitro 5 AN515-51, 15.6"" FHD IPS, Core i5-7300HQ, 8GB, 1TB, GeForce GTX 1050 2GB, Windows 10 Home",,https://webscraper.io/images/test-sites/e-commerce/items/cart2.png,"Acer Nitro 5 AN515-51, 15.6"" FHD IPS, Core i5-7300HQ, 8GB, 1TB, GeForce GTX 1050 2GB, Windows 10 Home",https://webscraper.io/test-sites/e-commerce/static/product/52,Computers,Laptops,4
Asus ROG STRIX GL553VD-DM256,899.0,"Asus ROG STRIX GL553VD-DM256, 15.6"" FHD, Core i5-7300HQ, 8GB, 1TB, GeForce GTX 1050 2GB, No OS + Windows 10 Home",,https://webscraper.io/images/test-sites/e-commerce/items/cart2.png,"Asus ROG STRIX GL553VD-DM256, 15.6"" FHD, Core i5-7300HQ, 8GB, 1TB, GeForce GTX 1050 2GB, No OS + Windows 10 Home",https://webscraper.io/test-sites/e-commerce/static/product/53,Computers,Laptops,4
Lenovo ThinkPad L570,999.0,"Lenovo ThinkPad L570, 15.6"" FHD, Core i7-7500U, 8GB, 256GB SSD, Windows 10 Pro",,https://webscraper.io/images/test-sites/e-commerce/items/cart2.png,"Lenovo ThinkPad L570, 15.6"" FHD, Core i7-7500U, 8GB, 256GB SSD, Windows 10 Pro",https://webscraper.io/test-sites/e-commerce/static/product/54,Computers,Laptops,4
Lenovo Legion Y520-15IKBM,1149.0,"Lenovo Legion Y520-15IKBM, 15.6"" FHD IPS, Core i7-7700HQ, 8GB, 128GB SSD + 1TB, GeForce GTX 1060 Max-Q 6GB, DOS",,https://webscraper.io/images/test-sites/e-commerce/items/cart2.png,"Lenovo Legion Y520-15IKBM, 15.6"" FHD IPS, Core i7-7700HQ, 8GB, 128GB SSD + 1TB, GeForce GTX 1060 Max-Q 6GB, DOS",https://webscraper.io/test-sites/e-commerce/static/product/55,Computers,Laptops,5
Lenovo Legion Y720,1399.0,"Lenovo Legion Y720, 15.6"" FHD IPS, Core i7-7700HQ, 8GB, 128GB SSD + 2TB HDD, GeForce GTX 1060 6GB, DOS, RGB backlit keyboard",,https://webscraper.io/images/test-sites/e-commerce/items/cart2.png,"Lenovo Legion Y720, 15.6"" FHD IPS, Core i7-7700HQ, 8GB, 128GB SSD + 2TB HDD, GeForce GTX 1060 6GB, DOS, RGB backlit keyboard",https://webscraper.io/test-sites/e-commerce/static/product/56,Computers,Laptops,5
Asus ROG Strix GL702ZC-GC154T,1769.0,"Asus ROG Strix GL702ZC-GC154T, 17.3"" FHD, Ryzen 7 1700, 16GB, 256GB + 1TB HDD, Radeon RX 580 4GB, Windows 10 Home",,https://webscraper.io/images/test-sites/e-commerce/items/cart2.png,"Asus ROG Strix GL702ZC-GC154T, 17.3"" FHD, Ryzen 7 1700, 16GB, 256GB + 1TB HDD, Radeon RX 580 4GB, Windows 10 Home",https://webscraper.io/test-sites/e-commerce/static/product/57,Computers,Laptops,5
Asus ROG Strix GL702ZC-GC209T,1769.0,"Asus ROG Strix GL702ZC-GC209T, 17.3"" FHD IPS, Ryzen 7 1700, 16GB, 256GB SSD + 1TB HDD, Radeon RX 580 4GB, Windows 10 Home",,https://webscraper.io/images/test-sites/e-commerce/items/cart2.png,"Asus ROG Strix GL702ZC-GC209T, 17.3"" FHD IPS, Ryzen 7 1700, 16GB, 256GB SSD + 1TB HDD, Radeon RX 580 4GB, Windows 10 Home",https://webscraper.io/test-sites/e-commerce/static/product/58,Computers,Laptops,5
Asus ROG Strix SCAR Edition GL503VM-ED115T,1799.0,"Asus ROG Strix SCAR Edition GL503VM-ED115T, 15.6"" FHD 120Hz, Core i7-7700HQ, 16GB, 256GB SSD + 1TB SSHD, GeForce GTX 1060 6GB, Windows 10 Home",,https://webscraper.io/images/test-sites/e-commerce/items/cart2.png,"Asus ROG Strix SCAR Edition GL503VM-ED115T, 15.6"" FHD 120Hz, Core i7-7700HQ, 16GB, 256GB SSD + 1TB SSHD, GeForce GTX 1060 6GB, Windows 10 Home",https://webscraper.io/test-sites/e-commerce/static/product/59,Computers,Laptops,5
Asus VivoBook X441NA-GA190,295.99,"Asus VivoBook X441NA-GA190 Chocolate Black, 14"", Celeron N3450, 4GB, 128GB SSD, Endless OS, ENG kbd",,https://webscraper.io/images/test-sites/e-commerce/items/cart2.png,"Asus VivoBook X441NA-GA190 Chocolate Black, 14"", Celeron N3450, 4GB, 128GB SSD, Endless OS, ENG kbd",https://webscraper.io/test-sites/e-commerce/static/product/60,Computers,Laptops,5
Prestigio SmartBook 133S Dark Grey,299.0,"Prestigio SmartBook 133S Dark Grey, 13.3"" FHD IPS, Celeron N3350 1.1GHz, 4GB, 32GB, Windows 10 Pro + Office 365 1 gadam",,https://webscraper.io/images/test-sites/e-commerce/items/cart2.png,"Prestigio SmartBook 133S Dark Grey, 13.3"" FHD IPS, Celeron N3350 1.1GHz, 4GB, 32GB, Windows 10 Pro + Office 365 1 gadam",https://webscraper.io/test-sites/e-commerce/static/product/61,Computers,Laptops,6
Prestigio SmartBook 133S Gold,299.0,"Prestigio SmartBook 133S Gold, 13.3"" FHD IPS, Celeron N3350 1.1GHz, 4GB, 32GB, Windows 10 Pro + Office 365 1 gadam",,https://webscraper.io/images/test-sites/e-commerce/items/cart2.png,"Prestigio SmartBook 133S Gold, 13.3"" FHD IPS, Celeron N3350 1.1GHz, 4GB, 32GB, Windows 10 Pro + Office 365 1 gadam",https://webscraper.io/test-sites/e-commerce/static/product/62,Computers,Laptops,6
Lenovo V110-15IAP,321.94,"Lenovo V110-15IAP, 15.6"" HD, Celeron N3350 1.1GHz, 4GB, 128GB SSD, Windows 10 Home",,https://webscraper.io/images/test-sites/e-commerce/items/cart2.png,"Lenovo V110-15IAP, 15.6"" HD, Celeron N3350 1.1GHz, 4GB, 128GB SSD, Windows 10 Home",https://webscraper.io/test-sites/e-commerce/static/product/63,Computers,Laptops,6
Lenovo V110-15IAP,356.49,"Asus VivoBook 15 X540NA-GQ008T Chocolate Black, 15.6"" HD, Pentium N4200, 4GB, 500GB, Windows 10 Home, En kbd",,https://webscraper.io/images/test-sites/e-commerce/items/cart2.png,"Asus VivoBook 15 X540NA-GQ008T Chocolate Black, 15.6"" HD, Pentium N4200, 4GB, 500GB, Windows 10 Home, En kbd",https://webscraper.io/test-sites/e-commerce/static/product/64,Computers,Laptops,6
Hewlett Packard 250 G6 Dark Ash Silver,364.46,"Hewlett Packard 250 G6 Dark Ash Silver, 15.6"" HD, Celeron N3060 1.6GHz, 4GB, 128GB SSD, DOS",,https://webscraper.io/images/test-sites/e-commerce/items/cart2.png,"Hewlett Packard 250 G6 Dark Ash Silver, 15.6"" HD, Celeron N3060 1.6GHz, 4GB, 128GB SSD, DOS",https://webscraper.io/test-sites/e-commerce/static/product/65,Computers,Laptops,6
Acer Aspire 3 A315-31 Black,372.7,"Acer Aspire 3 A315-31 Black, 15.6"" HD, Celeron N3350 1.1GHz, 4GB, 128GB SSD, Windows 10 Home",,https://webscraper.io/images/test-sites/e-commerce/items/cart2.png,"Acer Aspire 3 A315-31 Black, 15.6"" HD, Celeron N3350 1.1GHz, 4GB, 128GB SSD, Windows 10 Home",https://webscraper.io/test-sites/e-commerce/static/product/66,Computers,Laptops,6
Acer Aspire A315-31-C33J,379.94,"Acer Aspire A315-31-C33J Black 15.6"", HD, Celeron N3350, 4GB DDR3L, 128GB, Windows 10 Home, ENG",,https://webscraper.io/images/test-sites/e-commerce/items/cart2.png,"Acer Aspire A315-31-C33J Black 15.6"", HD, Celeron N3350, 4GB DDR3L, 128GB, Windows 10 Home, ENG",https://webscraper.io/test-sites/e-commerce/static/product/67,Computers,Laptops,7
Acer Aspire ES1-572 Black,379.95,"Acer Aspire ES1-572 Black, 15.6"" HD, Core i3-6006U, 4GB, 128GB SSD, Linux",,https://webscraper.io/images/test-sites/e-commerce/items/cart2.png,"Acer Aspire ES1-572 Black, 15.6"" HD, Core i3-6006U, 4GB, 128GB SSD, Linux",https://webscraper.io/test-sites/e-commerce/static/product/68,Computers,Laptops,7
Acer Aspire 3 A315-31 Black,391.48,"Acer Aspire 3 A315-31 Black, 15.6"" HD, Pentium N4200 1.1GHz, 4GB, 128GB SSD, Windows 10 Home",,https://webscraper.io/images/test-sites/e-commerce/items/cart2.png,"Acer Aspire 3 A315-31 Black, 15.6"" HD, Pentium N4200 1.1GHz, 4GB, 128GB SSD, Windows 10 Home",https://webscraper.io/test-sites/e-commerce/static/product/69,Computers,Laptops,7
Acer Aspire 3 A315-21,393.88,"Acer Aspire 3 A315-21, 15.6"", AMD A4-9120. 4GB. 128GB SSD, Linux",,https://webscraper.io/images/test-sites/e-commerce/items/cart2.png,"Acer Aspire 3 A315-21, 15.6"", AMD A4-9120. 4GB. 128GB SSD, Linux",https://webscraper.io/test-sites/e-commerce/static/product/70,Computers,Laptops,7
Asus VivoBook E502NA-GO022T Dark Blue,399.99,"Asus VivoBook E502NA-GO022T Dark Blue, 15.6"" HD, Pentium N4200 1.1GHz, 4GB, 128GB SSD, Windows 10 Home, En/Ru kbd",,https://webscraper.io/images/test-sites/e-commerce/items/cart2.png,"Asus VivoBook E502NA-GO022T Dark Blue, 15.6"" HD, Pentium N4200 1.1GHz, 4GB, 128GB SSD, Windows 10 Home, En/Ru kbd",https://webscraper.io/test-sites/e-commerce/static/product/71,Computers,Laptops,7
Lenovo ThinkPad E31-80,404.23,"Lenovo ThinkPad E31-80, 13.3"" HD, Celeron 3855U 1.6GHz, 4GB, 128GB SSD, Windows 10 Home",,https://webscraper.io/images/test-sites/e-commerce/items/cart2.png,"Lenovo ThinkPad E31-80, 13.3"" HD, Celeron 3855U 1.6GHz, 4GB, 128GB SSD, Windows 10 Home",https://webscraper.io/test-sites/e-commerce/static/product/72,Computers,Laptops,7
Acer Aspire 3 A315-31 Black,408.98,"Acer Aspire 3 A315-31 Black, 15.6"" HD, Pentium N4200 1.1GHz, 4GB, 128GB SSD, Windows 10 Home",,https://webscraper.io/images/test-sites/e-commerce/items/cart2.png,"Acer Aspire 3 A315-31 Black, 15.6"" HD, Pentium N4200 1.1GHz, 4GB, 128GB SSD, Windows 10 Home",https://webscraper.io/test-sites/e-commerce/static/product/73,Computers,Laptops,8
Lenovo V110-15ISK,409.63,"Lenovo V110-15ISK, 15.6"" HD, Core i3-6006U, 8GB, 128GB SSD, Windows 10 Home",,https://webscraper.io/images/test-sites/e-commerce/items/cart2.png,"Lenovo V110-15ISK, 15.6"" HD, Core i3-6006U, 8GB, 128GB SSD, Windows 10 Home",https://webscraper.io/test-sites/e-commerce/static/product/74,Computers,Laptops,8
Acer Aspire ES1-732 Black,410.46,"Acer Aspire ES1-732 Black, 17.3"" HD+, Celeron, N3350, 4GB, 1TB, Windows 10 Home",,https://webscraper.io/images/test-sites/e-commerce/items/cart2.png,"Acer Aspire ES1-732 Black, 17.3"" HD+, Celeron, N3350, 4GB, 1TB, Windows 10 Home",https://webscraper.io/test-sites/e-commerce/static/product/75,Computers,Laptops,8
Asus VivoBook 15 X540NA-GQ026T,410.66,"Asus VivoBook 15 X540NA-GQ026T Chocolate Black, 15.6"" HD, Pentium N4200, 4GB, 128GB SSD, Windows 10 Home, En/Ru kbd",,https://webscraper.io/images/test-sites/e-commerce/items/cart2.png,"Asus VivoBook 15 X540NA-GQ026T Chocolate Black, 15.6"" HD, Pentium N4200, 4GB, 128GB SSD, Windows 10 Home, En/Ru kbd",https://webscraper.io/test-sites/e-commerce/static/product/76,Computers,Laptops,8
Asus EeeBook R416NA-FA014T,433.3,"Asus EeeBook R416NA-FA014T, 14"" FHD, Pentium N4200, 4GB, 128GB eMMC, Windows 10 Home, Eng kbd",,https://webscraper.io/images/test-sites/e-commerce/items/cart2.png,"Asus EeeBook R416NA-FA014T, 14"" FHD, Pentium N4200, 4GB, 128GB eMMC, Windows 10 Home, Eng kbd",https://webscraper.io/test-sites/e-commerce/static/product/77,Computers,Laptops,8
Acer Aspire 3 A315-51,436.29,"Acer Aspire 3 A315-51, 15.6"" HD, Core i3-6006U, 4GB, 1TB, Windows 10 Home",,https://webscraper.io/images/test-sites/e-commerce/items/cart2.png,"Acer Aspire 3 A315-51, 15.6"" HD, Core i3-6006U, 4GB, 1TB, Windows 10 Home",https://webscraper.io/test-sites/e-commerce/static/product/78,Computers,Laptops,8
Acer Aspire ES1-572 Black,436.29,"Acer Aspire ES1-572 Black, 15.6"" HD, Core i3-6006U, 4GB, 500GB, Windows 10 Home",,https://webscraper.io/images/test-sites/e-commerce/items/cart2.png,"Acer Aspire ES1-572 Black, 15.6"" HD, Core i3-6006U, 4GB, 500GB, Windows 10 Home",https://webscraper.io/test-sites/e-commerce/static/product/79,Computers,Laptops,9
Acer Extensa 15 (2540) Black,439.73,"Acer Extensa 15 (2540) Black, 15.6"" HD, Core i5-7200U, 4GB, 500GB, Linux",,https://webscraper.io/images/test-sites/e-commerce/items/cart2.png,"Acer Extensa 15 (2540) Black, 15.6"" HD, Core i5-7200U, 4GB, 500GB, Linux",https://webscraper.io/test-sites/e-commerce/static/product/80,Computers,Laptops,9
Acer Aspire ES1-572 Black,454.62,"Acer Aspire ES1-572 Black, 15.6"" HD, Core i5-7200U, 4GB, 500GB, Linux",,https://webscraper.io/images/test-sites/e-commerce/items/cart2.png,"Acer Aspire ES1-572 Black, 15.6"" HD, Core i5-7200U, 4GB, 500GB, Linux",https://webscraper.io/test-sites/e-commerce/static/product/81,Computers,Laptops,9
Lenovo V110-15ISK,454.73,"Lenovo V110-15ISK, 15.6"" HD, Core i3-6006U, 4GB, 128GB SSD, Windows 10 Pro",,https://webscraper.io/images/test-sites/e-commerce/items/cart2.png,"Lenovo V110-15ISK, 15.6"" HD, Core i3-6006U, 4GB, 128GB SSD, Windows 10 Pro",https://webscraper.io/test-sites/e-commerce/static/product/82,Computers,Laptops,9
Acer Aspire A315-51-33TG,457.38,"Acer Aspire A315-51-33TG, Black 15.6"" HD, Core i3-7100U, 4GB DDR4, 128GB SSD, Windows 10 Home, ENG",,https://webscraper.io/images/test-sites/e-commerce/items/cart2.png,"Acer Aspire A315-51-33TG, Black 15.6"" HD, Core i3-7100U, 4GB DDR4, 128GB SSD, Windows 10 Home, ENG",https://webscraper.io/test-sites/e-commerce/static/product/83,Computers,Laptops,9
Lenovo V110-15IKB,465.95,"Lenovo V110-15IKB, 15.6"" HD, Core i5-7200U, 4GB, 500GB, DOS",,https://webscraper.io/images/test-sites/e-commerce/items/cart2.png,"Lenovo V110-15IKB, 15.6"" HD, Core i5-7200U, 4GB, 500GB, DOS",https://webscraper.io/test-sites/e-commerce/static/product/84,Computers,Laptops,9
Asus VivoBook 15 X540UA-DM260 Chocolate Black,468.56,"Asus VivoBook 15 X540UA-DM260 Chocolate Black, 15.6"" FHD, Core i3-6006U, 4GB, 256GB SSD, Endless OS, En kbd",,https://webscraper.io/images/test-sites/e-commerce/items/cart2.png,"Asus VivoBook 15 X540UA-DM260 Chocolate Black, 15.6"" FHD, Core i3-6006U, 4GB, 256GB SSD, Endless OS, En kbd",https://webscraper.io/test-sites/e-commerce/static/product/85,Computers,Laptops,10
Acer Aspire ES1-572 Black,469.1,"Acer Aspire ES1-572 Black, 15.6"" HD, Core i3-6006U, 4GB, 128GB SSD, Windows 10 Home",,https://webscraper.io/images/test-sites/e-commerce/items/cart2.png,"Acer Aspire ES1-572 Black, 15.6"" HD, Core i3-6006U, 4GB, 128GB SSD, Windows 10 Home",https://webscraper.io/test-sites/e-commerce/static/product/86,Computers,Laptops,10
Lenovo V510 Black,484.23,"Lenovo V510 Black, 14"" HD, Core i3-6006U, 4GB, 128GB SSD, Windows 10 Home",,https://webscraper.io/images/test-sites/e-commerce/items/cart2.png,"Lenovo V510 Black, 14"" HD, Core i3-6006U, 4GB, 128GB SSD, Windows 10 Home",https://webscraper.io/test-sites/e-commerce/static/product/87,Computers,Laptops,10
Acer Aspire ES1-572 Black,485.9,"Acer Aspire ES1-572 Black, 15.6"" HD, Core i5-7200U, 4GB, 128GB SSD, Linux",,https://webscraper.io/images/test-sites/e-commerce/items/cart2.png,"Acer Aspire ES1-572 Black, 15.6"" HD, Core i5-7200U, 4GB, 128GB SSD, Linux",https://webscraper.io/test-sites/e-commerce/static/product/88,Computers,Laptops,10
Lenovo V510 Black,487.8,"Lenovo V510 Black, 15.6"" HD, Core i3-6006U, 4GB, 128GB SSD, Windows 10 Home",,https://webscraper.io/images/test-sites/e-commerce/items/cart2.png,"Lenovo V510 Black, 15.6"" HD, Core i3-6006U, 4GB, 128GB SSD, Windows 10 Home",https://webscraper.io/test-sites/e-commerce/static/product/89,Computers,Laptops,10
Acer Swift 1 SF113-31 Silver,488.64,"Acer Swift 1 SF113-31 Silver, 13.3"" FHD, Pentium N4200, 4GB, 128GB SSD, Windows 10 Home",,https://webscraper.io/images/test-sites/e-commerce/items/cart2.png,"Acer Swift 1 SF113-31 Silver, 13.3"" FHD, Pentium N4200, 4GB, 128GB SSD, Windows 10 Home",https://webscraper.io/test-sites/e-commerce/static/product/90,Computers,Laptops,10
Acer Aspire 3 A315-51 Black,494.71,"Acer Aspire 3 A315-51 Black, 15.6"" FHD, Core i3-7100U, 4GB, 500GB + 128GB SSD, Windows 10 Home",,https://webscraper.io/images/test-sites/e-commerce/items/cart2.png,"Acer Aspire 3 A315-51 Black, 15.6"" FHD, Core i3-7100U, 4GB, 500GB + 128GB SSD, Windows 10 Home",https://webscraper.io/test-sites/e-commerce/static/product/91,Computers,Laptops,11
Dell Vostro 15 (3568) Red,497.17,"Dell Vostro 15 (3568) Red, 15.6"" HD, Core i5-7200U, 4GB, 1TB, Radeon R5 M420 2GB, Linux",,https://webscraper.io/images/test-sites/e-commerce/items/cart2.png,"Dell Vostro 15 (3568) Red, 15.6"" HD, Core i5-7200U, 4GB, 1TB, Radeon R5 M420 2GB, Linux",https://webscraper.io/test-sites/e-commerce/static/product/92,Computers,Laptops,11
Lenovo V510 Black,498.23,"Lenovo V510 Black, 15.6"" FHD, Core i3-7100U, 4GB, 128GB SSD, Windows 10 Pro",,https://webscraper.io/images/test-sites/e-commerce/items/cart2.png,"Lenovo V510 Black, 15.6"" FHD, Core i3-7100U, 4GB, 128GB SSD, Windows 10 Pro",https://webscraper.io/test-sites/e-commerce/static/product/93,Computers,Laptops,11
Lenovo ThinkPad L460,1096.02,"Lenovo ThinkPad L460, 14"" FHD IPS, Core i7-6600U, 8GB, 256GB SSD, Windows 10 Pro",,https://webscraper.io/images/test-sites/e-commerce/items/cart2.png,"Lenovo ThinkPad L460, 14"" FHD IPS, Core i7-6600U, 8GB, 256GB SSD, Windows 10 Pro",https://webscraper.io/test-sites/e-commerce/static/product/94,Computers,Laptops,11
Dell Inspiron 15 (7567) Black,1098.42,"Dell Inspiron 15 (7567) Black, 15.6"" FHD, Core i5-7300HQ, 8GB, 256GB SSD, GeForce GTX 1050 4GB, Windows 10 Home",,https://webscraper.io/images/test-sites/e-commerce/items/cart2.png,"Dell Inspiron 15 (7567) Black, 15.6"" FHD, Core i5-7300HQ, 8GB, 256GB SSD, GeForce GTX 1050 4GB, Windows 10 Home",https://webscraper.io/test-sites/e-commerce/static/product/95,Computers,Laptops,11
MSI GL72M 7RDX,1099.0,"MSI GL72M 7RDX, 17.3"" FHD, Core i5-7300HQ, 8GB, 1TB + 128GB SSD, GeForce GTX 1050 2GB, Windows 10 Home",,https://webscraper.io/images/test-sites/e-commerce/items/cart2.png,"MSI GL72M 7RDX, 17.3"" FHD, Core i5-7300HQ, 8GB, 1TB + 128GB SSD, GeForce GTX 1050 2GB, Windows 10 Home",https://webscraper.io/test-sites/e-commerce/static/product/96,Computers,Laptops,11
MSI GL72M 7RDX,1099.0,"Asus ROG Strix GL553VD-DM535T, 15.6"" FHD, Core i7-7700HQ, 8GB, 1TB + 128GB SSD, GeForce GTX 1050 2GB, Windows 10 Home, Eng kbd",,https://webscraper.io/images/test-sites/e-commerce/items/cart2.png,"Asus ROG Strix GL553VD-DM535T, 15.6"" FHD, Core i7-7700HQ, 8GB, 1TB + 128GB SSD, GeForce GTX 1050 2GB, Windows 10 Home, Eng kbd",https://webscraper.io/test-sites/e-commerce/static/product/97,Computers,Laptops,12
Asus ROG Strix GL553VD-DM535T,1101.83,"Apple MacBook Air 13.3"", Core i5 1.8GHz, 8GB, 128GB SSD, Intel HD 4000, RUS",,https://webscraper.io/images/test-sites/e-commerce/items/cart2.png,"Apple MacBook Air 13.3"", Core i5 1.8GHz, 8GB, 128GB SSD, Intel HD 4000, RUS",https://webscraper.io/test-sites/e-commerce/static/product/98,Computers,Laptops,12
Dell Latitude 5280,1102.66,"Dell Latitude 5280, 12.5"" HD, Core i5-7300U, 8GB, 256GB SSD, Windows 10 Pro",,https://webscraper.io/images/test-sites/e-commerce/items/cart2.png,"Dell Latitude 5280, 12.5"" HD, Core i5-7300U, 8GB, 256GB SSD, Windows 10 Pro",https://webscraper.io/test-sites/e-commerce/static/product/99,Computers,Laptops,12
Dell Latitude 5480,1110.14,"Dell Latitude 5480, 14"" FHD, Core i5-7300U, 8GB, 500GB, Linux + Windows 10 Home",,https://webscraper.io/images/test-sites/e-commerce/items/cart2.png,"Dell Latitude 5480, 14"" FHD, Core i5-7300U, 8GB, 500GB, Linux + Windows 10 Home",https://webscraper.io/test-sites/e-commerce/static/product/100,Computers,Laptops,12
Lenovo Legion Y520-15IKBM,1112.91,"Lenovo Legion Y520-15IKBM, Black, 15.6"" FHD IPS, Core i5-7300HQ, 8 GB, 128GB SSD + 2 TB HDD, NVIDIA GeForce GTX 1060 6 GB, FreeDOS + Windows 10 Home",,https://webscraper.io/images/test-sites/e-commerce/items/cart2.png,"Lenovo Legion Y520-15IKBM, Black, 15.6"" FHD IPS, Core i5-7300HQ, 8 GB, 128GB SSD + 2 TB HDD, NVIDIA GeForce GTX 1060 6 GB, FreeDOS + Windows 10 Home",https://webscraper.io/test-sites/e-commerce/static/product/101,Computers,Laptops,12
Toshiba Portege Z30-C-16J Grey,1114.55,"Toshiba Portege Z30-C-16J Grey, 13.3"" FHD, Core i5-6200U, 8GB, 256GB SSD, Windows 10 Pro",,https://webscraper.io/images/test-sites/e-commerce/items/cart2.png,"Toshiba Portege Z30-C-16J Grey, 13.3"" FHD, Core i5-6200U, 8GB, 256GB SSD, Windows 10 Pro",https://webscraper.io/test-sites/e-commerce/static/product/102,Computers,Laptops,12
Acer Predator Helios 300 (PH317-51),1123.87,"Acer Predator Helios 300 (PH317-51), 17.3"" FHD IPS, Core i5-7300HQ, 8GB, 1TB + 128GB SSD, GeForce GTX 1050Ti 4GB, Windows 10 Home",,https://webscraper.io/images/test-sites/e-commerce/items/cart2.png,"Acer Predator Helios 300 (PH317-51), 17.3"" FHD IPS, Core i5-7300HQ, 8GB, 1TB + 128GB SSD, GeForce GTX 1050Ti 4GB, Windows 10 Home",https://webscraper.io/test-sites/e-commerce/static/product/103,Computers,Laptops,13
Acer Aspire 7 A715-71G,1123.87,"Acer Aspire 7 A715-71G, 15.6"" FHD IPS, Core i7-7700HQ, 8GB, 128GB SSD + 1TB HDD, GTX 1050 Ti 4GB, Windows 10 Home",,https://webscraper.io/images/test-sites/e-commerce/items/cart2.png,"Acer Aspire 7 A715-71G, 15.6"" FHD IPS, Core i7-7700HQ, 8GB, 128GB SSD + 1TB HDD, GTX 1050 Ti 4GB, Windows 10 Home",https://webscraper.io/test-sites/e-commerce/static/product/104,Computers,Laptops,13
Dell Inspiron 17 2in1 (7779) Silver,1124.2,"Dell Inspiron 17 2in1 (7779) Silver, 17.3"" FHD Touch, Core i5-7200U, 12GB, 1TB, GeForce GT940MX 2GB, Windows 10 Home",,https://webscraper.io/images/test-sites/e-commerce/items/cart2.png,"Dell Inspiron 17 2in1 (7779) Silver, 17.3"" FHD Touch, Core i5-7200U, 12GB, 1TB, GeForce GT940MX 2GB, Windows 10 Home",https://webscraper.io/test-sites/e-commerce/static/product/105,Computers,Laptops,13
Dell Latitude 5480,1133.82,"Dell Latitude 5480, 14"" FHD, Core i5-7300U, 8GB, 500GB, Windows 10 Pro",,https://webscraper.io/images/test-sites/e-commerce/items/cart2.png,"Dell Latitude 5480, 14"" FHD, Core i5-7300U, 8GB, 500GB, Windows 10 Pro",https://webscraper.io/test-sites/e-commerce/static/product/106,Computers,Laptops,13
Lenovo Legion Y520,1133.91,"Lenovo Legion Y520, 15.6"" FHD, Core i7-7700HQ, 8GB, 128 GB SSD + 1TB HDD, GTX 1050 4GB, Windows 10 Home",,https://webscraper.io/images/test-sites/e-commerce/items/cart2.png,"Lenovo Legion Y520, 15.6"" FHD, Core i7-7700HQ, 8GB, 128 GB SSD + 1TB HDD, GTX 1050 4GB, Windows 10 Home",https://webscraper.io/test-sites/e-commerce/static/product/107,Computers,Laptops,13
Asus AsusPro Advanced BU401LA-FA271G Dark Grey,1139.54,"Asus AsusPro Advanced BU401LA-FA271G Dark Grey, 14"", Core i5-4210U, 4GB, 128GB SSD, Win7 Pro 64bit, ENG",,https://webscraper.io/images/test-sites/e-commerce/items/cart2.png,"Asus AsusPro Advanced BU401LA-FA271G Dark Grey, 14"", Core i5-4210U, 4GB, 128GB SSD, Win7 Pro 64bit, ENG",https://webscraper.io/test-sites/e-commerce/static/product/108,Computers,Laptops,13
Acer Nitro 5 AN515-51,1140.62,"Acer Nitro 5 AN515-51, 15.6"" FHD IPS, Core i7-7700HQ, 8GB, 256GB SSD +1TB, GeForce GTX 1050 Ti 4GB, Windows 10 Home + Windows 10 Home",,https://webscraper.io/images/test-sites/e-commerce/items/cart2.png,"Acer Nitro 5 AN515-51, 15.6"" FHD IPS, Core i7-7700HQ, 8GB, 256GB SSD +1TB, GeForce GTX 1050 Ti 4GB, Windows 10 Home + Windows 10 Home",https://webscraper.io/test-sites/e-commerce/static/product/109,Computers,Laptops,14
Dell Latitude 5480,1143.4,"Dell Latitude 5480, 14"" FHD, Core i5-7440HQ, 8GB, 256GB SSD, Windows 10 Pro",,https://webscraper.io/images/test-sites/e-commerce/items/cart2.png,"Dell Latitude 5480, 14"" FHD, Core i5-7440HQ, 8GB, 256GB SSD, Windows 10 Pro",https://webscraper.io/test-sites/e-commerce/static/product/110,Computers,Laptops,14
Dell Inspiron 15 (7567) Black,1144.2,"Dell Inspiron 15 (7567) Black, 15.6"" FHD, Core i7-7700HQ, 8GB, 1TB, GeForce GTX 1050 Ti 4GB, Linux + Windows 10 Home",,https://webscraper.io/images/test-sites/e-commerce/items/cart2.png,"Dell Inspiron 15 (7567) Black, 15.6"" FHD, Core i7-7700HQ, 8GB, 1TB, GeForce GTX 1050 Ti 4GB, Linux + Windows 10 Home",https://webscraper.io/test-sites/e-commerce/static/product/111,Computers,Laptops,14
Dell Latitude 5580,1144.4,"Dell Latitude 5580, 15.6"" FHD, Core i5-7300U, 8GB, 256GB SSD, Windows 10 Pro",,https://webscraper.io/images/test-sites/e-commerce/items/cart2.png,"Dell Latitude 5580, 15.6"" FHD, Core i5-7300U, 8GB, 256GB SSD, Windows 10 Pro",https://webscraper.io/test-sites/e-commerce/static/product/112,Computers,Laptops,14
MSI GP62M 7RDX Leopard,1149.0,"MSI GP62M 7RDX Leopard, 15.6"" FHD, Core i7-7700HQ, 8GB, 1TB + 128GB SSD, GeForce GTX 1050 2GB, Windows 10 Home",,https://webscraper.io/images/test-sites/e-commerce/items/cart2.png,"MSI GP62M 7RDX Leopard, 15.6"" FHD, Core i7-7700HQ, 8GB, 1TB + 128GB SSD, GeForce GTX 1050 2GB, Windows 10 Home",https://webscraper.io/test-sites/e-commerce/static/product/113,Computers,Laptops,14
Lenovo Yoga 720 Grey,1149.73,"Lenovo Yoga 720 Grey, 15.6"" FHD IPS, Core i5-7300HQ, 8GB, 256GB SSD, GeForce GTX 1050 2GB, Windows 10 Home",,https://webscraper.io/images/test-sites/e-commerce/items/cart2.png,"Lenovo Yoga 720 Grey, 15.6"" FHD IPS, Core i5-7300HQ, 8GB, 256GB SSD, GeForce GTX 1050 2GB, Windows 10 Home",https://webscraper.io/test-sites/e-commerce/static/product/114,Computers,Laptops,14
Toshiba Portege Z30-C-16L Grey,1154.04,"Toshiba Portege Z30-C-16L Grey, 13.3"" FHD, Core i7-6500U, 8GB, 256GB SSD, Windows 10 Pro",,https://webscraper.io/images/test-sites/e-commerce/items/cart2.png,"Toshiba Portege Z30-C-16L Grey, 13.3"" FHD, Core i7-6500U, 8GB, 256GB SSD, Windows 10 Pro",https://webscraper.io/test-sites/e-commerce/static/product/115,Computers,Laptops,15
Acer TravelMate P645-S-511A Black,1170.1,"Acer TravelMate P645-S-511A Black, 14"" FHD IPS, Core i5-5200U, 8GB, 256GB SSD, 3G, Windows 10 Pro",,https://webscraper.io/images/test-sites/e-commerce/items/cart2.png,"Acer TravelMate P645-S-511A Black, 14"" FHD IPS, Core i5-5200U, 8GB, 256GB SSD, 3G, Windows 10 Pro",https://webscraper.io/test-sites/e-commerce/static/product/116,Computers,Laptops,15
Dell Latitude 5580,1178.19,"Dell Latitude 5580, 15.6"" FHD, Core i5-7300U, 16GB, 256GB SSD, Linux + Windows 10 Home",,https://webscraper.io/images/test-sites/e-commerce/items/cart2.png,"Dell Latitude 5580, 15.6"" FHD, Core i5-7300U, 16GB, 256GB SSD, Linux + Windows 10 Home",https://webscraper.io/test-sites/e-commerce/static/product/117,Computers,Laptops,15
MSI GS63 7RD Stealth,1179.0,"MSI GS63 7RD Stealth, 15.6"" FHD IPS, Core i7-7700HQ, 8GB, 256GB SSD, GeForce GTX 1050 2GB, DOS + Windows 10 Home",,https://webscraper.io/images/test-sites/e-commerce/items/cart2.png,"MSI GS63 7RD Stealth, 15.6"" FHD IPS, Core i7-7700HQ, 8GB, 256GB SSD, GeForce GTX 1050 2GB, DOS + Windows 10 Home",https://webscraper.io/test-sites/e-commerce/static/product/118,Computers,Laptops,15
Dell Latitude 5480,1187.88,"Dell Latitude 5480, 14"" FHD, Core i5-7300U, 8GB, 256GB SSD, Windows 10 Pro",,https://webscraper.io/images/test-sites/e-commerce/items/cart2.png,"Dell Latitude 5480, 14"" FHD, Core i5-7300U, 8GB, 256GB SSD, Windows 10 Pro",https://webscraper.io/test-sites/e-commerce/static/product/119,Computers,Laptops,15
Acer Predator Helios 300 (PH317-51),1187.98,"Acer Predator Helios 300 (PH317-51), 17.3"" FHD IPS, Core i7-7700HQ. 8GB, 128GB SSD +1TB, GeForce GTX 1050Ti 4GB, Linux + Windows 10 Home",,https://webscraper.io/images/test-sites/e-commerce/items/cart2.png,"Acer Predator Helios 300 (PH317-51), 17.3"" FHD IPS, Core i7-7700HQ. 8GB, 128GB SSD +1TB, GeForce GTX 1050Ti 4GB, Linux + Windows 10 Home",https://webscraper.io/test-sites/e-commerce/static/product/120,Computers,Laptops,15
MSI GL62M 7REX,1199.0,"MSI GL62M 7REX, 15.6"" FHD, Core i7-7700HQ, 8GB, 1TB + 128GB SSD, GeForce GTX 1050 Ti 2GB, Windows 10 Home",,https://webscraper.io/images/test-sites/e-commerce/items/cart2.png,"MSI GL62M 7REX, 15.6"" FHD, Core i7-7700HQ, 8GB, 1TB + 128GB SSD, GeForce GTX 1050 Ti 2GB, Windows 10 Home",https://webscraper.io/test-sites/e-commerce/static/product/121,Computers,Laptops,16
MSI GL62M 7REX2,1199.0,"MSI GL62M 7REX2, 15.6"" FHD, Core i7-7700HQ, 8GB, 1TB + 128GB SSD, GeForce GTX 1050 Ti 2GB, Windows 10 Home",,https://webscraper.io/images/test-sites/e-commerce/items/cart2.png,"MSI GL62M 7REX2, 15.6"" FHD, Core i7-7700HQ, 8GB, 1TB + 128GB SSD, GeForce GTX 1050 Ti 2GB, Windows 10 Home",https://webscraper.io/test-sites/e-commerce/static/product/122,Computers,Laptops,16
Lenovo Yoga 910 Grey,1199.73,"Lenovo Yoga 910 Grey, 13.9"" FHD Touch, Core i5-7200U, 8GB, 256GB SSD, Windows 10 Home",,https://webscraper.io/images/test-sites/e-commerce/items/cart2.png,"Lenovo Yoga 910 Grey, 13.9"" FHD Touch, Core i5-7200U, 8GB, 256GB SSD, Windows 10 Home",https://webscraper.io/test-sites/e-commerce/static/product/123,Computers,Laptops,16
Toshiba Portege X30-D-10J Black/Blue,1203.41,"Toshiba Portege X30-D-10J Black/Blue, 13.3"" FHD IPS, Core i5-7200U, 8GB, 256GB SSD, Windows 10 Pro",,https://webscraper.io/images/test-sites/e-commerce/items/cart2.png,"Toshiba Portege X30-D-10J Black/Blue, 13.3"" FHD IPS, Core i5-7200U, 8GB, 256GB SSD, Windows 10 Pro",https://webscraper.io/test-sites/e-commerce/static/product/124,Computers,Laptops,16
Lenovo IdeaPad Miix 510 Platinum Silver,1212.16,"Lenovo IdeaPad Miix 510 Platinum Silver, 12.2"" IPS Touch, Core i5-7200U, 8GB, 256GB SSD, 4G, Windows 10 Pro",,https://webscraper.io/images/test-sites/e-commerce/items/cart2.png,"Lenovo IdeaPad Miix 510 Platinum Silver, 12.2"" IPS Touch, Core i5-7200U, 8GB, 256GB SSD, 4G, Windows 10 Pro",https://webscraper.io/test-sites/e-commerce/static/product/125,Computers,Laptops,16
Acer Predator Helios 300 (PH317-51),1221.58,"Acer Predator Helios 300 (PH317-51), 17.3"" FHD IPS, Core i7-7700HQ, 8GB, 1TB + 128GB SSD, GeForce GTX 1050 Ti 4GB, Windows 10 Home",,https://webscraper.io/images/test-sites/e-commerce/items/cart2.png,"Acer Predator Helios 300 (PH317-51), 17.3"" FHD IPS, Core i7-7700HQ, 8GB, 1TB + 128GB SSD, GeForce GTX 1050 Ti 4GB, Windows 10 Home",https://webscraper.io/test-sites/e-commerce/static/product/126,Computers,Laptops,16
Asus VivoBook Pro 15 N580VN-FI006T Gold Metal,1235.49,"Asus VivoBook Pro 15 N580VN-FI006T Gold Metal, 15.6"" UHD, Core i7-7700HQ, 16GB, 1TB + 256GB SSD, GeForce MX150 2GB, Windows 10 Home, Eng kbd",,https://webscraper.io/images/test-sites/e-commerce/items/cart2.png,"Asus VivoBook Pro 15 N580VN-FI006T Gold Metal, 15.6"" UHD, Core i7-7700HQ, 16GB, 1TB + 256GB SSD, GeForce MX150 2GB, Windows 10 Home, Eng kbd",https://webscraper.io/test-sites/e-commerce/static/product/127,Computers,Laptops,17
Dell Latitude 5480,1238.37,"Dell Latitude 5480, 14"" FHD, Core i7-7600U, 8GB, 256GB SSD, Linux",,https://webscraper.io/images/test-sites/e-commerce/items/cart2.png,"Dell Latitude 5480, 14"" FHD, Core i7-7600U, 8GB, 256GB SSD, Linux",https://webscraper.io/test-sites/e-commerce/static/product/128,Computers,Laptops,17
Asus ZenBook UX530UX-FY040T Blue,1239.2,"Asus ZenBook UX530UX-FY040T Blue, 15.6"" FHD, Core i7-7500U, 8GB, 512GB SSD, GeForce GTX950M 2GB, Windows 10 Home, Eng kbd",,https://webscraper.io/images/test-sites/e-commerce/items/cart2.png,"Asus ZenBook UX530UX-FY040T Blue, 15.6"" FHD, Core i7-7500U, 8GB, 512GB SSD, GeForce GTX950M 2GB, Windows 10 Home, Eng kbd",https://webscraper.io/test-sites/e-commerce/static/product/129,Computers,Laptops,17
Asus ROG Strix GL753VE-GC096T,1259.0,"Asus ROG Strix GL753VE-GC096T, 17.3"" FHD, Core i7-7700HQ, 8GB, 1TB + 128GB SSD, GeForce GTX 1050 Ti 4GB, Windows 10 Home, Eng kbd",,https://webscraper.io/images/test-sites/e-commerce/items/cart2.png,"Asus ROG Strix GL753VE-GC096T, 17.3"" FHD, Core i7-7700HQ, 8GB, 1TB + 128GB SSD, GeForce GTX 1050 Ti 4GB, Windows 10 Home, Eng kbd",https://webscraper.io/test-sites/e-commerce/static/product/130,Computers,Laptops,17
"Apple MacBook Air 13""",1260.13,"Apple MacBook Air 13"", i5 1.8GHz, 8GB, 256GB SSD, Intel HD 6000, ENG",,https://webscraper.io/images/test-sites/e-commerce/items/cart2.png,"Apple MacBook Air 13"", i5 1.8GHz, 8GB, 256GB SSD, Intel HD 6000, ENG",https://webscraper.io/test-sites/e-commerce/static/product/131,Computers,Laptops,17
Dell Latitude 5480,1271.06,"Dell Latitude 5480, 14"" FHD, Core i7-7600U, 8GB, 1TB, GeForce GT930MX, Windows 10 Pro",,https://webscraper.io/images/test-sites/e-commerce/items/cart2.png,"Dell Latitude 5480, 14"" FHD, Core i7-7600U, 8GB, 1TB, GeForce GT930MX, Windows 10 Pro",https://webscraper.io/test-sites/e-commerce/static/product/132,Computers,Laptops,17
Hewlett Packard Spectre 13-v106na Dark Ash Silver,1273.11,"Hewlett Packard Spectre 13-v106na Dark Ash Silver, 13.3"" FHD IPS, Core i5-7200U, 8GB, 256GB SSD, Windows 10 Home",,https://webscraper.io/images/test-sites/e-commerce/items/cart2.png,"Hewlett Packard Spectre 13-v106na Dark Ash Silver, 13.3"" FHD IPS, Core i5-7200U, 8GB, 256GB SSD, Windows 10 Home",https://webscraper.io/test-sites/e-commerce/static/product/133,Computers,Laptops,18
Toshiba Portege Z30-C-16K Grey,1294.74,"Toshiba Portege Z30-C-16K Grey, 13.3"" FHD, Core i5-6200U, 8GB, 256GB SSD, 4G, Windows 10 Pro",,https://webscraper.io/images/test-sites/e-commerce/items/cart2.png,"Toshiba Portege Z30-C-16K Grey, 13.3"" FHD, Core i5-6200U, 8GB, 256GB SSD, 4G, Windows 10 Pro",https://webscraper.io/test-sites/e-commerce/static/product/134,Computers,Laptops,18
MSI GL62VR 7RFX,1299.0,"MSI GL62VR 7RFX, 15.6"" FHD, Core i7-7700HQ, 8GB, 1TB + 256GB SSD, GeForce GTX 1060 3GB, Windows 10 Home",,https://webscraper.io/images/test-sites/e-commerce/items/cart2.png,"MSI GL62VR 7RFX, 15.6"" FHD, Core i7-7700HQ, 8GB, 1TB + 256GB SSD, GeForce GTX 1060 3GB, Windows 10 Home",https://webscraper.io/test-sites/e-commerce/static/product/135,Computers,Laptops,18
Dell Latitude 5480,1310.39,"Dell Latitude 5480, 14"" FHD, Core i7-7600U, 8GB, 256GB SSD, Windows 10 Pro",,https://webscraper.io/images/test-sites/e-commerce/items/cart2.png,"Dell Latitude 5480, 14"" FHD, Core i7-7600U, 8GB, 256GB SSD, Windows 10 Pro",https://webscraper.io/test-sites/e-commerce/static/product/136,Computers,Laptops,18
Hewlett Packard ProBook 640 G3,1326.83,"Hewlett Packard ProBook 640 G3, 14"" FHD, Core i7-7600U, 8GB, 256GB SSD, Windows 10 Pro",,https://webscraper.io/images/test-sites/e-commerce/items/cart2.png,"Hewlett Packard ProBook 640 G3, 14"" FHD, Core i7-7600U, 8GB, 256GB SSD, Windows 10 Pro",https://webscraper.io/test-sites/e-commerce/static/product/137,Computers,Laptops,18
"Apple MacBook Pro 13"" Space Gray",1333.0,"Apple MacBook Pro 13"" Space Gray, Core i5 2.3GHz, 8GB, 128GB SSD, Iris Plus 640, ENG",,https://webscraper.io/images/test-sites/e-commerce/items/cart2.png,"Apple MacBook Pro 13"" Space Gray, Core i5 2.3GHz, 8GB, 128GB SSD, Iris Plus 640, ENG",https://webscraper.io/test-sites/e-commerce/static/product/138,Computers,Laptops,18
Dell Latitude 5580,1337.28,"Dell Latitude 5580, 15.6"" FHD, Core i7-7600U, 8GB, 256GB SSD, GeForce GT930MX, Windows 10 Pro",,https://webscraper.io/images/test-sites/e-commerce/items/cart2.png,"Dell Latitude 5580, 15.6"" FHD, Core i7-7600U, 8GB, 256GB SSD, GeForce GT930MX, Windows 10 Pro",https://webscraper.io/test-sites/e-commerce/static/product/139,Computers,Laptops,19
Dell Latitude 5480,1338.37,"Dell Latitude 5480, 14"" FHD, Core i7-7600U, 8GB, 256GB SSD, Linux + Windows 10 Home",,https://webscraper.io/images/test-sites/e-commerce/items/cart2.png,"Dell Latitude 5480, 14"" FHD, Core i7-7600U, 8GB, 256GB SSD, Linux + Windows 10 Home",https://webscraper.io/test-sites/e-commerce/static/product/140,Computers,Laptops,19
Dell Latitude 5580,1341.22,"Dell Latitude 5580, 15.6"" FHD, Core i7-7600U, 16GB, 256GB SSD, GeForce GT930MX, Linux",,https://webscraper.io/images/test-sites/e-commerce/items/cart2.png,"Dell Latitude 5580, 15.6"" FHD, Core i7-7600U, 16GB, 256GB SSD, GeForce GT930MX, Linux",https://webscraper.io/test-sites/e-commerce/static/product/141,Computers,Laptops,19
"Apple MacBook Air 13""",1347.78,"Apple MacBook Air 13"", Intel Core i5 1.8GHz, 8GB, 256GB SSD, Intel HD 6000, RUS",,https://webscraper.io/images/test-sites/e-commerce/items/cart2.png,"Apple MacBook Air 13"", Intel Core i5 1.8GHz, 8GB, 256GB SSD, Intel HD 6000, RUS",https://webscraper.io/test-sites/e-commerce/static/product/142,Computers,Laptops,19
Lenovo ThinkPad T470,1349.23,"Lenovo ThinkPad T470, 14"" FHD IPS, Core i5-7200U, 8GB, 256GB SSD, Windows 10 Pro",,https://webscraper.io/images/test-sites/e-commerce/items/cart2.png,"Lenovo ThinkPad T470, 14"" FHD IPS, Core i5-7200U, 8GB, 256GB SSD, Windows 10 Pro",https://webscraper.io/test-sites/e-commerce/static/product/143,Computers,Laptops,19
Lenovo ThinkPad Yoga 370 Black,1362.24,"Lenovo ThinkPad Yoga 370 Black, 13.3"" FHD IPS Touch, Core i5-7200U, 8GB, 256GB SSD, 4G, Windows 10 Pro",,https://webscraper.io/images/test-sites/e-commerce/items/cart2.png,"Lenovo ThinkPad Yoga 370 Black, 13.3"" FHD IPS Touch, Core i5-7200U, 8GB, 256GB SSD, 4G, Windows 10 Pro",https://webscraper.io/test-sites/e-commerce/static/product/144,Computers,Laptops,19
Toshiba Portege X20W-D-10V Black/Blue,1366.32,"Toshiba Portege X20W-D-10V Black/Blue, 12.5"" FHD Touch, Core i7-7500U, 8GB, 512GB SSD, Windows 10 Pro",,https://webscraper.io/images/test-sites/e-commerce/items/cart2.png,"Toshiba Portege X20W-D-10V Black/Blue, 12.5"" FHD Touch, Core i7-7500U, 8GB, 512GB SSD, Windows 10 Pro",https://webscraper.io/test-sites/e-commerce/static/product/145,Computers,Laptops,20
Asus ASUSPRO B9440UA-GV0279R Gray,1381.13,"Asus ASUSPRO B9440UA-GV0279R Gray, 14"" FHD, Core i7-7500U, 16GB, 512GB SSD, Windows 10 Pro, Eng kbd",,https://webscraper.io/images/test-sites/e-commerce/items/cart2.png,"Asus ASUSPRO B9440UA-GV0279R Gray, 14"" FHD, Core i7-7500U, 16GB, 512GB SSD, Windows 10 Pro, Eng kbd",https://webscraper.io/test-sites/e-commerce/static/product/146,Computers,Laptops,20
Asus ROG Strix GL702VM-GC146T,1399.0,"Asus ROG Strix GL702VM-GC146T, 17.3"" FHD, Core i7-7700HQ, 8GB, 1TB + 128GB SSD, GeForce GTX 1060 3GB, Windows 10 Home, Eng kbd",,https://webscraper.io/images/test-sites/e-commerce/items/cart2.png,"Asus ROG Strix GL702VM-GC146T, 17.3"" FHD, Core i7-7700HQ, 8GB, 1TB + 128GB SSD, GeForce GTX 1060 3GB, Windows 10 Home, Eng kbd",https://webscraper.io/test-sites/e-commerce/static/product/147,Computers,Laptops,20
Lenovo IdeaTab,69.99,"7"" screen, Android",,https://webscraper.io/images/test-sites/e-commerce/items/cart2.png,"7"" screen, Android",https://webscraper.io/test-sites/e-commerce/static/product/10,Computers,Tablets,1
Acer Iconia,96.99,"7"" screen, Android, 16GB",,https://webscraper.io/images/test-sites/e-commerce/items/cart2.png,"7"" screen, Android, 16GB",https://webscraper.io/test-sites/e-commerce/static/product/11,Computers,Tablets,1
Asus MeMO Pad,102.99,"7"" screen, Android, 8GB",,https://webscraper.io/images/test-sites/e-commerce/items/cart2.png,"7"" screen, Android, 8GB",https://webscraper.io/test-sites/e-commerce/static/product/12,Computers,Tablets,1
Amazon Kindle,103.99,"6"" screen, wifi",,https://webscraper.io/images/test-sites/e-commerce/items/cart2.png,"6"" screen, wifi",https://webscraper.io/test-sites/e-commerce/static/product/13,Computers,Tablets,1
iPad Mini Retina,537.99,"Wi-Fi + Cellular, 32GB, Silver",,https://webscraper.io/images/test-sites/e-commerce/items/cart2.png,"Wi-Fi + Cellular, 32GB, Silver",https://webscraper.io/test-sites/e-commerce/static/product/14,Computers,Tablets,1
IdeaTab A3500L,88.99,"Black, 7"" IPS, Quad-Core 1.2GHz, 8GB, Android 4.2",,https://webscraper.io/images/test-sites/e-commerce/items/cart2.png,"Black, 7"" IPS, Quad-Core 1.2GHz, 8GB, Android 4.2",https://webscraper.io/test-sites/e-commerce/static/product/15,Computers,Tablets,1
Galaxy Tab,251.99,"16GB, White",,https://webscraper.io/images/test-sites/e-commerce/items/cart2.png,"16GB, White",https://webscraper.io/test-sites/e-commerce/static/product/16,Computers,Tablets,2
IdeaTab A3500-H,148.99,"Blue, 7"" IPS, Quad-Core 1.3GHz, 8GB, 3G, Android 4.2",,https://webscraper.io/images/test-sites/e-commerce/items/cart2.png,"Blue, 7"" IPS, Quad-Core 1.3GHz, 8GB, 3G, Android 4.2",https://webscraper.io/test-sites/e-commerce/static/product/17,Computers,Tablets,2
Galaxy Tab 3,97.99,"7"", 8GB, Wi-Fi, Android 4.2, White",,https://webscraper.io/images/test-sites/e-commerce/items/cart2.png,"7"", 8GB, Wi-Fi, Android 4.2, White",https://webscraper.io/test-sites/e-commerce/static/product/18,Computers,Tablets,2
Galaxy Note,489.99,"12.2"", 32GB, WiFi, Android 4.4, White",,https://webscraper.io/images/test-sites/e-commerce/items/cart2.png,"12.2"", 32GB, WiFi, Android 4.4, White",https://webscraper.io/test-sites/e-commerce/static/product/19,Computers,Tablets,2
MeMO Pad 7,130.99,"White, 7"", Atom 1.2GHz, 8GB, Android 4.4",,https://webscraper.io/images/test-sites/e-commerce/items/cart2.png,"White, 7"", Atom 1.2GHz, 8GB, Android 4.4",https://webscraper.io/test-sites/e-commerce/static/product/20,Computers,Tablets,2
Galaxy Tab 4,233.99,"LTE (SM-T235), Quad-Core 1.2GHz, 8GB, Black",,https://webscraper.io/images/test-sites/e-commerce/items/cart2.png,"LTE (SM-T235), Quad-Core 1.2GHz, 8GB, Black",https://webscraper.io/test-sites/e-commerce/static/product/21,Computers,Tablets,2
Galaxy Tab 3,107.99,"7"", 8GB, Wi-Fi, Android 4.2, Yellow",,https://webscraper.io/images/test-sites/e-commerce/items/cart2.png,"7"", 8GB, Wi-Fi, Android 4.2, Yellow",https://webscraper.io/test-sites/e-commerce/static/product/22,Computers,Tablets,3
Memo Pad HD 7,101.99,"IPS, Dual-Core 1.2GHz, 8GB, Android 4.3",,https://webscraper.io/images/test-sites/e-commerce/items/cart2.png,"IPS, Dual-Core 1.2GHz, 8GB, Android 4.3",https://webscraper.io/test-sites/e-commerce/static/product/23,Computers,Tablets,3
Galaxy Note 10.1,587.99,"10.1"", 32GB, Black",,https://webscraper.io/images/test-sites/e-commerce/items/cart2.png,"10.1"", 32GB, Black",https://webscraper.io/test-sites/e-commerce/static/product/24,Computers,Tablets,3
MeMo PAD FHD 10,320.99,"White, 10.1"" IPS, 1.6GHz, 2GB, 16GB, Android 4.2",,https://webscraper.io/images/test-sites/e-commerce/items/cart2.png,"White, 10.1"" IPS, 1.6GHz, 2GB, 16GB, Android 4.2",https://webscraper.io/test-sites/e-commerce/static/product/25,Computers,Tablets,3
IdeaTab S5000,172.99,"Silver, 7"" IPS, Quad-Core 1.2Ghz, 16GB, 3G, Android 4.2",,https://webscraper.io/images/test-sites/e-commerce/items/cart2.png,"Silver, 7"" IPS, Quad-Core 1.2Ghz, 16GB, 3G, Android 4.2",https://webscraper.io/test-sites/e-commerce/static/product/26,Computers,Tablets,3
Iconia B1-730HD,99.99,"Black, 7"", 1.6GHz Dual-Core, 8GB, Android 4.4",,https://webscraper.io/images/test-sites/e-commerce/items/cart2.png,"Black, 7"", 1.6GHz Dual-Core, 8GB, Android 4.4",https://webscraper.io/test-sites/e-commerce/static/product/27,Computers,Tablets,3
IdeaTab A8-50,121.99,"Blue, 8"" IPS, Quad-Core 1.3GHz, 16GB, Android 4.2",,https://webscraper.io/images/test-sites/e-commerce/items/cart2.png,"Blue, 8"" IPS, Quad-Core 1.3GHz, 16GB, Android 4.2",https://webscraper.io/test-sites/e-commerce/static/product/28,Computers,Tablets,4
Galaxy Note,399.99,"10.1"", 3G, Android 4.0, Garnet Red",,https://webscraper.io/images/test-sites/e-commerce/items/cart2.png,"10.1"", 3G, Android 4.0, Garnet Red",https://webscraper.io/test-sites/e-commerce/static/product/29,Computers,Tablets,4
Apple iPad Air,603.99,"Wi-Fi, 64GB, Silver",,https://webscraper.io/images/test-sites/e-commerce/items/cart2.png,"Wi-Fi, 64GB, Silver",https://webscraper.io/test-sites/e-commerce/static/product/30,Computers,Tablets,4
Nokia 123,24.99,7 day battery,,https://webscraper.io/images/test-sites/e-commerce/items/cart2.png,7 day battery,https://webscraper.io/test-sites/e-commerce/static/product/1,Phones,Touch,1
LG Optimus,57.99,"3.2"" screen",,https://webscraper.io/images/test-sites/e-commerce/items/cart2.png,"3.2"" screen",https://webscraper.io/test-sites/e-commerce/static/product/2,Phones,Touch,1
Samsung Galaxy,93.99,5 mpx. Android 5.0,,https://webscraper.io/images/test-sites/e-commerce/items/cart2.png,5 mpx. Android 5.0,https://webscraper.io/test-sites/e-commerce/static/product/3,Phones,Touch,1
Nokia X,109.99,"Andoid, Jolla dualboot",,https://webscraper.io/images/test-sites/e-commerce/items/cart2.png,"Andoid, Jolla dualboot",https://webscraper.io/test-sites/e-commerce/static/product/4,Phones,Touch,1
Sony Xperia,118.99,"GPS, waterproof",,https://webscraper.io/images/test-sites/e-commerce/items/cart2.png,"GPS, waterproof",https://webscraper.io/test-sites/e-commerce/static/product/5,Phones,Touch,1
Ubuntu Edge,499.99,Sapphire glass,,https://webscraper.io/images/test-sites/e-commerce/items/cart2.png,Sapphire glass,https://webscraper.io/test-sites/e-commerce/static/product/6,Phones,Touch,1
Iphone,899.99,White,,https://webscraper.io/images/test-sites/e-commerce/items/cart2.png,White,https://webscraper.io/test-sites/e-commerce/static/product/7,Phones,Touch,2
Iphone,899.99,Silver,,https://webscraper.io/images/test-sites/e-commerce/items/cart2.png,Silver,https://webscraper.io/test-sites/e-commerce/static/product/8,Phones,Touch,2
Iphone,899.99,Black,,https://webscraper.io/images/test-sites/e-commerce/items/cart2.png,Black,https://webscraper.io/test-sites/e-commerce/static/product/9,Phones,Touch,2
